Timestamp,Track,Artist,Album Cover
00:00:00,High Life,Daft Punk,https://is1-ssl.mzstatic.com/image/thumb/Features125/v4/9e/f3/19/9ef31946-26de-0a95-c771-30457c5c01ec/dj.huxlnxyy.jpg/1400x1400cc.png
00:00:11,High Life,Daft Punk,https://is1-ssl.mzstatic.com/image/thumb/Features125/v4/9e/f3/19/9ef31946-26de-0a95-c771-30457c5c01ec/dj.huxlnxyy.jpg/1400x1400cc.png
00:00:22,High Life,Daft Punk,https://is1-ssl.mzstatic.com/image/thumb/Features125/v4/9e/f3/19/9ef31946-26de-0a95-c771-30457c5c01ec/dj.huxlnxyy.jpg/1400x1400cc.png
00:00:33,High Life,Daft Punk,https://is1-ssl.mzstatic.com/image/thumb/Features125/v4/9e/f3/19/9ef31946-26de-0a95-c771-30457c5c01ec/dj.huxlnxyy.jpg/1400x1400cc.png
00:00:44,High Life,Daft Punk,https://is1-ssl.mzstatic.com/image/thumb/Features125/v4/9e/f3/19/9ef31946-26de-0a95-c771-30457c5c01ec/dj.huxlnxyy.jpg/1400x1400cc.png
00:00:55,High Life,Daft Punk,https://is1-ssl.mzstatic.com/image/thumb/Features125/v4/9e/f3/19/9ef31946-26de-0a95-c771-30457c5c01ec/dj.huxlnxyy.jpg/1400x1400cc.png
00:01:06,High Life,Daft Punk,https://is1-ssl.mzstatic.com/image/thumb/Features125/v4/9e/f3/19/9ef31946-26de-0a95-c771-30457c5c01ec/dj.huxlnxyy.jpg/1400x1400cc.png
00:01:17,High Life,Daft Punk,https://is1-ssl.mzstatic.com/image/thumb/Features125/v4/9e/f3/19/9ef31946-26de-0a95-c771-30457c5c01ec/dj.huxlnxyy.jpg/1400x1400cc.png
00:01:28,High Life,Daft Punk,https://is1-ssl.mzstatic.com/image/thumb/Features125/v4/9e/f3/19/9ef31946-26de-0a95-c771-30457c5c01ec/dj.huxlnxyy.jpg/1400x1400cc.png
00:01:39,High Life,Daft Punk,https://is1-ssl.mzstatic.com/image/thumb/Features125/v4/9e/f3/19/9ef31946-26de-0a95-c771-30457c5c01ec/dj.huxlnxyy.jpg/1400x1400cc.png
00:01:50,High Life,Daft Punk,https://is1-ssl.mzstatic.com/image/thumb/Features125/v4/9e/f3/19/9ef31946-26de-0a95-c771-30457c5c01ec/dj.huxlnxyy.jpg/1400x1400cc.png
00:02:01,High Life,Daft Punk,https://is1-ssl.mzstatic.com/image/thumb/Features125/v4/9e/f3/19/9ef31946-26de-0a95-c771-30457c5c01ec/dj.huxlnxyy.jpg/1400x1400cc.png
00:02:12,High Life,Daft Punk,https://is1-ssl.mzstatic.com/image/thumb/Features125/v4/9e/f3/19/9ef31946-26de-0a95-c771-30457c5c01ec/dj.huxlnxyy.jpg/1400x1400cc.png
00:02:23,High Life,Daft Punk,https://is1-ssl.mzstatic.com/image/thumb/Features125/v4/9e/f3/19/9ef31946-26de-0a95-c771-30457c5c01ec/dj.huxlnxyy.jpg/1400x1400cc.png
00:02:34,Alabama Blues (Todd Edwards Dub Mix),St Germain,https://is1-ssl.mzstatic.com/image/thumb/Music/94/54/d5/mzi.adqgizrk.jpg/1400x1400cc.png
00:02:45,Alabama Blues (Todd Edwards Dub Mix),St Germain,https://is1-ssl.mzstatic.com/image/thumb/Music/94/54/d5/mzi.adqgizrk.jpg/1400x1400cc.png
00:02:56,Alabama Blues (Todd Edwards Dub Mix),St Germain,https://is1-ssl.mzstatic.com/image/thumb/Music/94/54/d5/mzi.adqgizrk.jpg/1400x1400cc.png
00:03:07,Breaking Minds,Elio Riso & Lucio Spain,https://is1-ssl.mzstatic.com/image/thumb/Music118/v4/84/ff/89/84ff892e-9384-d795-30a8-88b616b41f08/cover.jpg/1400x1400cc.png
00:03:18,Alabama Blues (Todd Edwards Dub Mix),St Germain,https://is1-ssl.mzstatic.com/image/thumb/Music/94/54/d5/mzi.adqgizrk.jpg/1400x1400cc.png
00:03:29,Shades,Laughing Man & Viktor Udvari,https://is1-ssl.mzstatic.com/image/thumb/Music124/v4/2e/72/86/2e7286c5-c151-4302-4c00-2152efa3c318/cover.jpg/1400x1400cc.png
00:03:40,Alabama Blues (Todd Edwards Dub Mix),St Germain,https://is1-ssl.mzstatic.com/image/thumb/Music/94/54/d5/mzi.adqgizrk.jpg/1400x1400cc.png
00:03:51,Alabama Blues (Todd Edwards Dub Mix),St Germain,https://is1-ssl.mzstatic.com/image/thumb/Music/94/54/d5/mzi.adqgizrk.jpg/1400x1400cc.png
00:04:02,Alabama Blues (Todd Edwards Dub Mix),St Germain,https://is1-ssl.mzstatic.com/image/thumb/Music/94/54/d5/mzi.adqgizrk.jpg/1400x1400cc.png
00:04:13,Breaking Minds,Elio Riso & Lucio Spain,https://is1-ssl.mzstatic.com/image/thumb/Music118/v4/84/ff/89/84ff892e-9384-d795-30a8-88b616b41f08/cover.jpg/1400x1400cc.png
00:04:24,Alabama Blues (Todd Edwards Dub Mix),St Germain,https://is1-ssl.mzstatic.com/image/thumb/Music/94/54/d5/mzi.adqgizrk.jpg/1400x1400cc.png
00:04:35,Alabama Blues (Todd Edwards Dub Mix),St Germain,https://is1-ssl.mzstatic.com/image/thumb/Music/94/54/d5/mzi.adqgizrk.jpg/1400x1400cc.png
00:04:46,Alabama Blues (Todd Edwards Dub Mix),St Germain,https://is1-ssl.mzstatic.com/image/thumb/Music/94/54/d5/mzi.adqgizrk.jpg/1400x1400cc.png
00:04:57,Alabama Blues (Todd Edwards Dub Mix),St Germain,https://is1-ssl.mzstatic.com/image/thumb/Music/94/54/d5/mzi.adqgizrk.jpg/1400x1400cc.png
00:05:08,Breaking Minds,Elio Riso & Lucio Spain,https://is1-ssl.mzstatic.com/image/thumb/Music118/v4/84/ff/89/84ff892e-9384-d795-30a8-88b616b41f08/cover.jpg/1400x1400cc.png
00:05:19,Don't Call Me Baby,Madison Avenue,https://is1-ssl.mzstatic.com/image/thumb/Music114/v4/3c/81/e4/3c81e423-7b97-7eb7-c9dc-20d570669811/9330461029977.png/1400x1400cc.png
00:05:30,You Are My High,DeMoN,https://is1-ssl.mzstatic.com/image/thumb/Music/db/75/35/mzi.kuwurife.jpg/1400x1400cc.png
00:05:41,You Are My High,DeMoN,https://is1-ssl.mzstatic.com/image/thumb/Music/db/75/35/mzi.kuwurife.jpg/1400x1400cc.png
00:05:52,You Are My High,DeMoN,https://is1-ssl.mzstatic.com/image/thumb/Music/db/75/35/mzi.kuwurife.jpg/1400x1400cc.png
00:06:03,You Are My High,DeMoN,https://is1-ssl.mzstatic.com/image/thumb/Music/db/75/35/mzi.kuwurife.jpg/1400x1400cc.png
00:06:14,You Are My High,DeMoN,https://is1-ssl.mzstatic.com/image/thumb/Music/db/75/35/mzi.kuwurife.jpg/1400x1400cc.png
00:06:25,You Are My High,DeMoN,https://is1-ssl.mzstatic.com/image/thumb/Music/db/75/35/mzi.kuwurife.jpg/1400x1400cc.png
00:06:36,You Are My High,DeMoN,https://is1-ssl.mzstatic.com/image/thumb/Music/db/75/35/mzi.kuwurife.jpg/1400x1400cc.png
00:06:47,You Are My High,DeMoN,https://is1-ssl.mzstatic.com/image/thumb/Music/db/75/35/mzi.kuwurife.jpg/1400x1400cc.png
00:06:58,You Are My High,DeMoN,https://is1-ssl.mzstatic.com/image/thumb/Music/db/75/35/mzi.kuwurife.jpg/1400x1400cc.png
00:07:09,You Are My High,DeMoN,https://is1-ssl.mzstatic.com/image/thumb/Music/db/75/35/mzi.kuwurife.jpg/1400x1400cc.png
00:07:20,You Are My High,DeMoN,https://is1-ssl.mzstatic.com/image/thumb/Music/db/75/35/mzi.kuwurife.jpg/1400x1400cc.png
00:07:31,You Are My High,DeMoN,https://is1-ssl.mzstatic.com/image/thumb/Music/db/75/35/mzi.kuwurife.jpg/1400x1400cc.png
00:07:42,You Are My High,DeMoN,https://is1-ssl.mzstatic.com/image/thumb/Music/db/75/35/mzi.kuwurife.jpg/1400x1400cc.png
00:07:53,You Are My High,DeMoN,https://is1-ssl.mzstatic.com/image/thumb/Music/db/75/35/mzi.kuwurife.jpg/1400x1400cc.png
00:08:04,You Are My High,DeMoN,https://is1-ssl.mzstatic.com/image/thumb/Music/db/75/35/mzi.kuwurife.jpg/1400x1400cc.png
00:08:15,You Are My High,DeMoN,https://is1-ssl.mzstatic.com/image/thumb/Music/db/75/35/mzi.kuwurife.jpg/1400x1400cc.png
00:08:26,You Are My High,DeMoN,https://is1-ssl.mzstatic.com/image/thumb/Music/db/75/35/mzi.kuwurife.jpg/1400x1400cc.png
00:08:37,You Are My High,DeMoN,https://is1-ssl.mzstatic.com/image/thumb/Music/db/75/35/mzi.kuwurife.jpg/1400x1400cc.png
00:08:48,You Are My High,DeMoN,https://is1-ssl.mzstatic.com/image/thumb/Music/db/75/35/mzi.kuwurife.jpg/1400x1400cc.png
00:08:59,You Are My High,DeMoN,https://is1-ssl.mzstatic.com/image/thumb/Music/db/75/35/mzi.kuwurife.jpg/1400x1400cc.png
00:09:10,You Are My High,DeMoN,https://is1-ssl.mzstatic.com/image/thumb/Music/db/75/35/mzi.kuwurife.jpg/1400x1400cc.png
00:09:21,R U Sleeping (Todd Edwards Remix),Indo,https://is1-ssl.mzstatic.com/image/thumb/Music118/v4/00/e0/30/00e03099-c35b-2a5e-3895-b652dd485e4f/5055283404620.jpg/1400x1400cc.png
00:09:32,R U Sleeping (Todd Edwards Remix),Indo,https://is1-ssl.mzstatic.com/image/thumb/Music118/v4/00/e0/30/00e03099-c35b-2a5e-3895-b652dd485e4f/5055283404620.jpg/1400x1400cc.png
00:09:43,R U Sleeping (Todd Edwards Remix),Indo,https://is1-ssl.mzstatic.com/image/thumb/Music118/v4/00/e0/30/00e03099-c35b-2a5e-3895-b652dd485e4f/5055283404620.jpg/1400x1400cc.png
00:09:54,R U Sleeping (Todd Edwards Remix),Indo,https://is1-ssl.mzstatic.com/image/thumb/Music118/v4/00/e0/30/00e03099-c35b-2a5e-3895-b652dd485e4f/5055283404620.jpg/1400x1400cc.png
00:10:05,R U Sleeping (Todd Edwards Remix),Indo,https://is1-ssl.mzstatic.com/image/thumb/Music118/v4/00/e0/30/00e03099-c35b-2a5e-3895-b652dd485e4f/5055283404620.jpg/1400x1400cc.png
00:10:16,R U Sleeping (Todd Edwards Remix),Indo,https://is1-ssl.mzstatic.com/image/thumb/Music118/v4/00/e0/30/00e03099-c35b-2a5e-3895-b652dd485e4f/5055283404620.jpg/1400x1400cc.png
00:10:27,R U Sleeping (Todd Edwards Remix),Indo,https://is1-ssl.mzstatic.com/image/thumb/Music118/v4/00/e0/30/00e03099-c35b-2a5e-3895-b652dd485e4f/5055283404620.jpg/1400x1400cc.png
00:10:38,R U Sleeping (Todd Edwards Remix),Indo,https://is1-ssl.mzstatic.com/image/thumb/Music118/v4/00/e0/30/00e03099-c35b-2a5e-3895-b652dd485e4f/5055283404620.jpg/1400x1400cc.png
00:10:49,R U Sleeping (Todd Edwards Remix),Indo,https://is1-ssl.mzstatic.com/image/thumb/Music118/v4/00/e0/30/00e03099-c35b-2a5e-3895-b652dd485e4f/5055283404620.jpg/1400x1400cc.png
00:11:00,R U Sleeping (Todd Edwards Remix),Indo,https://is1-ssl.mzstatic.com/image/thumb/Music118/v4/00/e0/30/00e03099-c35b-2a5e-3895-b652dd485e4f/5055283404620.jpg/1400x1400cc.png
00:11:11,R U Sleeping (Todd Edwards Remix),Indo,https://is1-ssl.mzstatic.com/image/thumb/Music118/v4/00/e0/30/00e03099-c35b-2a5e-3895-b652dd485e4f/5055283404620.jpg/1400x1400cc.png
00:11:22,R U Sleeping (Todd Edwards Remix),Indo,https://is1-ssl.mzstatic.com/image/thumb/Music118/v4/00/e0/30/00e03099-c35b-2a5e-3895-b652dd485e4f/5055283404620.jpg/1400x1400cc.png
00:11:33,R U Sleeping (Todd Edwards Remix),Indo,https://is1-ssl.mzstatic.com/image/thumb/Music118/v4/00/e0/30/00e03099-c35b-2a5e-3895-b652dd485e4f/5055283404620.jpg/1400x1400cc.png
00:11:44,Where's Your Head At (Wh0 Remix - Mixed),Basement Jaxx,https://is1-ssl.mzstatic.com/image/thumb/Music115/v4/7f/ee/62/7fee6293-efb4-5b48-b54d-c2dccc699169/cover.jpg/1400x1400cc.png
00:11:55,Where’s Your Head At,Basement Jaxx,https://is1-ssl.mzstatic.com/image/thumb/Music126/v4/36/05/b6/3605b6c7-94b8-097c-ae15-fd936c7a56be/634904014384.png/1400x1400cc.png
00:12:06,Where’s Your Head At,Basement Jaxx,https://is1-ssl.mzstatic.com/image/thumb/Music126/v4/36/05/b6/3605b6c7-94b8-097c-ae15-fd936c7a56be/634904014384.png/1400x1400cc.png
00:12:17,Where’s Your Head At,Basement Jaxx,https://is1-ssl.mzstatic.com/image/thumb/Music126/v4/36/05/b6/3605b6c7-94b8-097c-ae15-fd936c7a56be/634904014384.png/1400x1400cc.png
00:12:28,Where’s Your Head At,Basement Jaxx,https://is1-ssl.mzstatic.com/image/thumb/Music126/v4/36/05/b6/3605b6c7-94b8-097c-ae15-fd936c7a56be/634904014384.png/1400x1400cc.png
00:12:39,Where’s Your Head At,Basement Jaxx,https://is1-ssl.mzstatic.com/image/thumb/Music126/v4/36/05/b6/3605b6c7-94b8-097c-ae15-fd936c7a56be/634904014384.png/1400x1400cc.png
00:12:50,Where’s Your Head At,Basement Jaxx,https://is1-ssl.mzstatic.com/image/thumb/Music126/v4/36/05/b6/3605b6c7-94b8-097c-ae15-fd936c7a56be/634904014384.png/1400x1400cc.png
00:13:01,Where’s Your Head At,Basement Jaxx,https://is1-ssl.mzstatic.com/image/thumb/Music126/v4/36/05/b6/3605b6c7-94b8-097c-ae15-fd936c7a56be/634904014384.png/1400x1400cc.png
00:13:12,Where’s Your Head At,Basement Jaxx,https://is1-ssl.mzstatic.com/image/thumb/Music126/v4/36/05/b6/3605b6c7-94b8-097c-ae15-fd936c7a56be/634904014384.png/1400x1400cc.png
00:13:23,Where’s Your Head At,Basement Jaxx,https://is1-ssl.mzstatic.com/image/thumb/Music126/v4/36/05/b6/3605b6c7-94b8-097c-ae15-fd936c7a56be/634904014384.png/1400x1400cc.png
00:13:34,Where’s Your Head At,Basement Jaxx,https://is1-ssl.mzstatic.com/image/thumb/Music126/v4/36/05/b6/3605b6c7-94b8-097c-ae15-fd936c7a56be/634904014384.png/1400x1400cc.png
00:13:45,Where’s Your Head At,Basement Jaxx,https://is1-ssl.mzstatic.com/image/thumb/Music126/v4/36/05/b6/3605b6c7-94b8-097c-ae15-fd936c7a56be/634904014384.png/1400x1400cc.png
00:13:56,Where’s Your Head At,Basement Jaxx,https://is1-ssl.mzstatic.com/image/thumb/Music126/v4/36/05/b6/3605b6c7-94b8-097c-ae15-fd936c7a56be/634904014384.png/1400x1400cc.png
00:14:07,Where’s Your Head At,Basement Jaxx,https://is1-ssl.mzstatic.com/image/thumb/Music126/v4/36/05/b6/3605b6c7-94b8-097c-ae15-fd936c7a56be/634904014384.png/1400x1400cc.png
00:14:18,Where’s Your Head At,Basement Jaxx,https://is1-ssl.mzstatic.com/image/thumb/Music126/v4/36/05/b6/3605b6c7-94b8-097c-ae15-fd936c7a56be/634904014384.png/1400x1400cc.png
00:14:29,Where’s Your Head At,Basement Jaxx,https://is1-ssl.mzstatic.com/image/thumb/Music126/v4/36/05/b6/3605b6c7-94b8-097c-ae15-fd936c7a56be/634904014384.png/1400x1400cc.png
00:14:40,Where’s Your Head At,Basement Jaxx,https://is1-ssl.mzstatic.com/image/thumb/Music126/v4/36/05/b6/3605b6c7-94b8-097c-ae15-fd936c7a56be/634904014384.png/1400x1400cc.png
00:14:51,Where’s Your Head At,Basement Jaxx,https://is1-ssl.mzstatic.com/image/thumb/Music126/v4/36/05/b6/3605b6c7-94b8-097c-ae15-fd936c7a56be/634904014384.png/1400x1400cc.png
00:15:02,Where’s Your Head At,Basement Jaxx,https://is1-ssl.mzstatic.com/image/thumb/Music126/v4/36/05/b6/3605b6c7-94b8-097c-ae15-fd936c7a56be/634904014384.png/1400x1400cc.png
00:15:13,Where’s Your Head At,Basement Jaxx,https://is1-ssl.mzstatic.com/image/thumb/Music126/v4/36/05/b6/3605b6c7-94b8-097c-ae15-fd936c7a56be/634904014384.png/1400x1400cc.png
00:15:24,Where’s Your Head At,Basement Jaxx,https://is1-ssl.mzstatic.com/image/thumb/Music126/v4/36/05/b6/3605b6c7-94b8-097c-ae15-fd936c7a56be/634904014384.png/1400x1400cc.png
00:15:35,Where’s Your Head At,Basement Jaxx,https://is1-ssl.mzstatic.com/image/thumb/Music126/v4/36/05/b6/3605b6c7-94b8-097c-ae15-fd936c7a56be/634904014384.png/1400x1400cc.png
00:15:46,Where’s Your Head At,Basement Jaxx,https://is1-ssl.mzstatic.com/image/thumb/Music126/v4/36/05/b6/3605b6c7-94b8-097c-ae15-fd936c7a56be/634904014384.png/1400x1400cc.png
00:15:57,Where’s Your Head At,Basement Jaxx,https://is1-ssl.mzstatic.com/image/thumb/Music126/v4/36/05/b6/3605b6c7-94b8-097c-ae15-fd936c7a56be/634904014384.png/1400x1400cc.png
00:16:08,Where’s Your Head At,Basement Jaxx,https://is1-ssl.mzstatic.com/image/thumb/Music126/v4/36/05/b6/3605b6c7-94b8-097c-ae15-fd936c7a56be/634904014384.png/1400x1400cc.png
00:16:19,Where’s Your Head At,Basement Jaxx,https://is1-ssl.mzstatic.com/image/thumb/Music126/v4/36/05/b6/3605b6c7-94b8-097c-ae15-fd936c7a56be/634904014384.png/1400x1400cc.png
00:16:30,Where’s Your Head At,Basement Jaxx,https://is1-ssl.mzstatic.com/image/thumb/Music126/v4/36/05/b6/3605b6c7-94b8-097c-ae15-fd936c7a56be/634904014384.png/1400x1400cc.png
00:16:41,Where's Your Head At (Wh0 Remix - Mixed),Basement Jaxx,https://is1-ssl.mzstatic.com/image/thumb/Music115/v4/7f/ee/62/7fee6293-efb4-5b48-b54d-c2dccc699169/cover.jpg/1400x1400cc.png
00:16:52,Where's Your Head At (Wh0 Remix - Mixed),Basement Jaxx,https://is1-ssl.mzstatic.com/image/thumb/Music115/v4/7f/ee/62/7fee6293-efb4-5b48-b54d-c2dccc699169/cover.jpg/1400x1400cc.png
00:17:03,Jump To My Beat,Wildchild,https://is1-ssl.mzstatic.com/image/thumb/Music118/v4/7e/b7/b3/7eb7b304-0410-2636-0117-289ed1feaa90/5025425210136.jpg/1400x1400cc.png
00:17:14,Delirious,Massimo Di Lena,https://is1-ssl.mzstatic.com/image/thumb/Music18/v4/2b/cb/15/2bcb1529-8a2b-f7fb-4b19-3bc9afb7ce5f/cover.jpg/1400x1400cc.png
00:17:25,Starman,Easy Star All-Stars & Maxi Priest,https://is1-ssl.mzstatic.com/image/thumb/Music122/v4/8a/f3/9b/8af39b0f-010a-1973-5001-180fd9e979c9/657481110089.jpg/1400x1400cc.png
00:17:36,Jump To My Beat,Wildchild,https://is1-ssl.mzstatic.com/image/thumb/Music118/v4/7e/b7/b3/7eb7b304-0410-2636-0117-289ed1feaa90/5025425210136.jpg/1400x1400cc.png
00:17:47,Jump To My Beat,Wildchild,https://is1-ssl.mzstatic.com/image/thumb/Music118/v4/7e/b7/b3/7eb7b304-0410-2636-0117-289ed1feaa90/5025425210136.jpg/1400x1400cc.png
00:17:58,Jump To My Beat,Wildchild,https://is1-ssl.mzstatic.com/image/thumb/Music118/v4/7e/b7/b3/7eb7b304-0410-2636-0117-289ed1feaa90/5025425210136.jpg/1400x1400cc.png
00:18:09,Jump To My Beat,Wildchild,https://is1-ssl.mzstatic.com/image/thumb/Music118/v4/7e/b7/b3/7eb7b304-0410-2636-0117-289ed1feaa90/5025425210136.jpg/1400x1400cc.png
00:18:20,Starman,Easy Star All-Stars & Maxi Priest,https://is1-ssl.mzstatic.com/image/thumb/Music122/v4/8a/f3/9b/8af39b0f-010a-1973-5001-180fd9e979c9/657481110089.jpg/1400x1400cc.png
00:18:31,Karakum Desert (Extended Mix),Ludo Niek,https://is1-ssl.mzstatic.com/image/thumb/Music126/v4/90/03/1a/90031a82-5ab2-108f-d42b-1825d0209e53/752470673832_cover.jpg/1400x1400cc.png
00:18:42,Pennies From Heaven (Kevin's Tunnel Mix) [Mixed],Inner City,https://is1-ssl.mzstatic.com/image/thumb/Features125/v4/85/59/b6/8559b699-31f4-215b-57fa-f5e68bea58c2/mza_515181854228592486.png/1400x1400cc.png
00:18:53,I'm Not Sorry (Steve Smooth & Kalendr Extended Remix),Steve Smooth,https://is1-ssl.mzstatic.com/image/thumb/Music126/v4/49/7a/ea/497aeadd-6d11-3b72-294c-3dfc777b5b77/617465281754.jpg/1400x1400cc.png
00:19:04,I'm Not Sorry (Steve Smooth & Kalendr Extended Remix),Steve Smooth,https://is1-ssl.mzstatic.com/image/thumb/Music126/v4/49/7a/ea/497aeadd-6d11-3b72-294c-3dfc777b5b77/617465281754.jpg/1400x1400cc.png
00:19:15,Jump To My Beat,Wildchild,https://is1-ssl.mzstatic.com/image/thumb/Music118/v4/7e/b7/b3/7eb7b304-0410-2636-0117-289ed1feaa90/5025425210136.jpg/1400x1400cc.png
00:19:26,Jump To My Beat,Wildchild,https://is1-ssl.mzstatic.com/image/thumb/Music118/v4/7e/b7/b3/7eb7b304-0410-2636-0117-289ed1feaa90/5025425210136.jpg/1400x1400cc.png
00:19:37,Jump To My Beat,Wildchild,https://is1-ssl.mzstatic.com/image/thumb/Music118/v4/7e/b7/b3/7eb7b304-0410-2636-0117-289ed1feaa90/5025425210136.jpg/1400x1400cc.png
00:19:48,Jump To My Beat,Wildchild,https://is1-ssl.mzstatic.com/image/thumb/Music118/v4/7e/b7/b3/7eb7b304-0410-2636-0117-289ed1feaa90/5025425210136.jpg/1400x1400cc.png
00:19:59,Delirious,Massimo Di Lena,https://is1-ssl.mzstatic.com/image/thumb/Music18/v4/2b/cb/15/2bcb1529-8a2b-f7fb-4b19-3bc9afb7ce5f/cover.jpg/1400x1400cc.png
00:20:10,Delirious,Massimo Di Lena,https://is1-ssl.mzstatic.com/image/thumb/Music18/v4/2b/cb/15/2bcb1529-8a2b-f7fb-4b19-3bc9afb7ce5f/cover.jpg/1400x1400cc.png
00:24:45,Love Is the Answer,Cerrone,https://is1-ssl.mzstatic.com/image/thumb/Music124/v4/6e/da/81/6eda81fb-ddc5-13d9-ba22-37a177d355e9/5060766761817_cover.jpg/1400x1400cc.png
00:25:18,Love Is the Answer,Cerrone,https://is1-ssl.mzstatic.com/image/thumb/Music124/v4/6e/da/81/6eda81fb-ddc5-13d9-ba22-37a177d355e9/5060766761817_cover.jpg/1400x1400cc.png
00:25:29,Love Is the Answer,Cerrone,https://is1-ssl.mzstatic.com/image/thumb/Music124/v4/6e/da/81/6eda81fb-ddc5-13d9-ba22-37a177d355e9/5060766761817_cover.jpg/1400x1400cc.png
00:25:51,Love Is the Answer,Cerrone,https://is1-ssl.mzstatic.com/image/thumb/Music124/v4/6e/da/81/6eda81fb-ddc5-13d9-ba22-37a177d355e9/5060766761817_cover.jpg/1400x1400cc.png
00:26:02,Love Is the Answer,Cerrone,https://is1-ssl.mzstatic.com/image/thumb/Music124/v4/6e/da/81/6eda81fb-ddc5-13d9-ba22-37a177d355e9/5060766761817_cover.jpg/1400x1400cc.png
00:26:35,Bring Me Back (Alex H Dub Mix),DJ Jose,https://is1-ssl.mzstatic.com/image/thumb/Music128/v4/c0/c6/8b/c0c68be9-7d5c-757a-4b86-3574459f652a/cover.jpg/1400x1400cc.png
00:27:41,La Mouche (DJ Falcon Metal Mix) [Mixed],Cassius,https://is1-ssl.mzstatic.com/image/thumb/Music116/v4/27/a7/ec/27a7ec63-fffb-0fc6-2568-f3619f7de5d1/PNAU_cover.jpg/1400x1400cc.png
00:27:52,La Mouche (DJ Falcon Metal Mix) [Mixed],Cassius,https://is1-ssl.mzstatic.com/image/thumb/Music116/v4/27/a7/ec/27a7ec63-fffb-0fc6-2568-f3619f7de5d1/PNAU_cover.jpg/1400x1400cc.png
00:28:03,La Mouche (DJ Falcon Metal Mix) [Mixed],Cassius,https://is1-ssl.mzstatic.com/image/thumb/Music116/v4/27/a7/ec/27a7ec63-fffb-0fc6-2568-f3619f7de5d1/PNAU_cover.jpg/1400x1400cc.png
00:28:14,La Mouche (DJ Falcon Metal Mix) [Mixed],Cassius,https://is1-ssl.mzstatic.com/image/thumb/Music116/v4/27/a7/ec/27a7ec63-fffb-0fc6-2568-f3619f7de5d1/PNAU_cover.jpg/1400x1400cc.png
00:28:25,La Mouche (DJ Falcon Metal Mix) [Mixed],Cassius,https://is1-ssl.mzstatic.com/image/thumb/Music116/v4/27/a7/ec/27a7ec63-fffb-0fc6-2568-f3619f7de5d1/PNAU_cover.jpg/1400x1400cc.png
00:28:36,La Mouche (DJ Falcon Metal Mix) [Mixed],Cassius,https://is1-ssl.mzstatic.com/image/thumb/Music116/v4/27/a7/ec/27a7ec63-fffb-0fc6-2568-f3619f7de5d1/PNAU_cover.jpg/1400x1400cc.png
00:28:47,La Mouche (DJ Falcon Metal Mix) [Mixed],Cassius,https://is1-ssl.mzstatic.com/image/thumb/Music116/v4/27/a7/ec/27a7ec63-fffb-0fc6-2568-f3619f7de5d1/PNAU_cover.jpg/1400x1400cc.png
00:28:58,La Mouche (DJ Falcon Metal Mix) [Mixed],Cassius,https://is1-ssl.mzstatic.com/image/thumb/Music116/v4/27/a7/ec/27a7ec63-fffb-0fc6-2568-f3619f7de5d1/PNAU_cover.jpg/1400x1400cc.png
00:29:09,La Mouche (DJ Falcon Metal Mix) [Mixed],Cassius,https://is1-ssl.mzstatic.com/image/thumb/Music116/v4/27/a7/ec/27a7ec63-fffb-0fc6-2568-f3619f7de5d1/PNAU_cover.jpg/1400x1400cc.png
00:29:20,Love Generation (feat. Gary Pine),Bob Sinclar,https://is1-ssl.mzstatic.com/image/thumb/Music112/v4/b6/8c/f1/b68cf12b-de23-8c41-26c0-87f992089926/3596974587397_cover.jpg/1400x1400cc.png
00:29:31,La Mouche (DJ Falcon Metal Mix) [Mixed],Cassius,https://is1-ssl.mzstatic.com/image/thumb/Music116/v4/27/a7/ec/27a7ec63-fffb-0fc6-2568-f3619f7de5d1/PNAU_cover.jpg/1400x1400cc.png
00:29:42,La Mouche (DJ Falcon Metal Mix) [Mixed],Cassius,https://is1-ssl.mzstatic.com/image/thumb/Music116/v4/27/a7/ec/27a7ec63-fffb-0fc6-2568-f3619f7de5d1/PNAU_cover.jpg/1400x1400cc.png
00:29:53,La Mouche (DJ Falcon Metal Mix) [Mixed],Cassius,https://is1-ssl.mzstatic.com/image/thumb/Music116/v4/27/a7/ec/27a7ec63-fffb-0fc6-2568-f3619f7de5d1/PNAU_cover.jpg/1400x1400cc.png
00:30:04,La Mouche (DJ Falcon Metal Mix) [Mixed],Cassius,https://is1-ssl.mzstatic.com/image/thumb/Music116/v4/27/a7/ec/27a7ec63-fffb-0fc6-2568-f3619f7de5d1/PNAU_cover.jpg/1400x1400cc.png
00:30:15,La Mouche (DJ Falcon Metal Mix) [Mixed],Cassius,https://is1-ssl.mzstatic.com/image/thumb/Music116/v4/27/a7/ec/27a7ec63-fffb-0fc6-2568-f3619f7de5d1/PNAU_cover.jpg/1400x1400cc.png
00:30:26,La Mouche (DJ Falcon Metal Mix) [Mixed],Cassius,https://is1-ssl.mzstatic.com/image/thumb/Music116/v4/27/a7/ec/27a7ec63-fffb-0fc6-2568-f3619f7de5d1/PNAU_cover.jpg/1400x1400cc.png
00:30:37,La Mouche (DJ Falcon Metal Mix) [Mixed],Cassius,https://is1-ssl.mzstatic.com/image/thumb/Music116/v4/27/a7/ec/27a7ec63-fffb-0fc6-2568-f3619f7de5d1/PNAU_cover.jpg/1400x1400cc.png
00:30:48,La Mouche (DJ Falcon Metal Mix) [Mixed],Cassius,https://is1-ssl.mzstatic.com/image/thumb/Music116/v4/27/a7/ec/27a7ec63-fffb-0fc6-2568-f3619f7de5d1/PNAU_cover.jpg/1400x1400cc.png
00:30:59,La Mouche (DJ Falcon Metal Mix) [Mixed],Cassius,https://is1-ssl.mzstatic.com/image/thumb/Music116/v4/27/a7/ec/27a7ec63-fffb-0fc6-2568-f3619f7de5d1/PNAU_cover.jpg/1400x1400cc.png
00:31:10,La Mouche (DJ Falcon Metal Mix) [Mixed],Cassius,https://is1-ssl.mzstatic.com/image/thumb/Music116/v4/27/a7/ec/27a7ec63-fffb-0fc6-2568-f3619f7de5d1/PNAU_cover.jpg/1400x1400cc.png
00:31:21,La Mouche (DJ Falcon Metal Mix) [Mixed],Cassius,https://is1-ssl.mzstatic.com/image/thumb/Music116/v4/27/a7/ec/27a7ec63-fffb-0fc6-2568-f3619f7de5d1/PNAU_cover.jpg/1400x1400cc.png
00:31:32,La Mouche (DJ Falcon Metal Mix) [Mixed],Cassius,https://is1-ssl.mzstatic.com/image/thumb/Music116/v4/27/a7/ec/27a7ec63-fffb-0fc6-2568-f3619f7de5d1/PNAU_cover.jpg/1400x1400cc.png
00:31:43,La Mouche (DJ Falcon Metal Mix) [Mixed],Cassius,https://is1-ssl.mzstatic.com/image/thumb/Music116/v4/27/a7/ec/27a7ec63-fffb-0fc6-2568-f3619f7de5d1/PNAU_cover.jpg/1400x1400cc.png
00:31:54,La Mouche (DJ Falcon Metal Mix) [Mixed],Cassius,https://is1-ssl.mzstatic.com/image/thumb/Music116/v4/27/a7/ec/27a7ec63-fffb-0fc6-2568-f3619f7de5d1/PNAU_cover.jpg/1400x1400cc.png
00:32:05,La Mouche (DJ Falcon Metal Mix) [Mixed],Cassius,https://is1-ssl.mzstatic.com/image/thumb/Music116/v4/27/a7/ec/27a7ec63-fffb-0fc6-2568-f3619f7de5d1/PNAU_cover.jpg/1400x1400cc.png
00:32:16,La Mouche (DJ Falcon Metal Mix) [Mixed],Cassius,https://is1-ssl.mzstatic.com/image/thumb/Music116/v4/27/a7/ec/27a7ec63-fffb-0fc6-2568-f3619f7de5d1/PNAU_cover.jpg/1400x1400cc.png
00:32:27,La Mouche (DJ Falcon Metal Mix) [Mixed],Cassius,https://is1-ssl.mzstatic.com/image/thumb/Music116/v4/27/a7/ec/27a7ec63-fffb-0fc6-2568-f3619f7de5d1/PNAU_cover.jpg/1400x1400cc.png
00:32:38,La Mouche (DJ Falcon Metal Mix) [Mixed],Cassius,https://is1-ssl.mzstatic.com/image/thumb/Music116/v4/27/a7/ec/27a7ec63-fffb-0fc6-2568-f3619f7de5d1/PNAU_cover.jpg/1400x1400cc.png
00:32:49,La Mouche (DJ Falcon Metal Mix) [Mixed],Cassius,https://is1-ssl.mzstatic.com/image/thumb/Music116/v4/27/a7/ec/27a7ec63-fffb-0fc6-2568-f3619f7de5d1/PNAU_cover.jpg/1400x1400cc.png
00:33:00,La Mouche (DJ Falcon Metal Mix) [Mixed],Cassius,https://is1-ssl.mzstatic.com/image/thumb/Music116/v4/27/a7/ec/27a7ec63-fffb-0fc6-2568-f3619f7de5d1/PNAU_cover.jpg/1400x1400cc.png
00:33:11,La Mouche (DJ Falcon Metal Mix) [Mixed],Cassius,https://is1-ssl.mzstatic.com/image/thumb/Music116/v4/27/a7/ec/27a7ec63-fffb-0fc6-2568-f3619f7de5d1/PNAU_cover.jpg/1400x1400cc.png
00:33:22,La Mouche (DJ Falcon Metal Mix) [Mixed],Cassius,https://is1-ssl.mzstatic.com/image/thumb/Music116/v4/27/a7/ec/27a7ec63-fffb-0fc6-2568-f3619f7de5d1/PNAU_cover.jpg/1400x1400cc.png
00:33:33,La Mouche (DJ Falcon Metal Mix) [Mixed],Cassius,https://is1-ssl.mzstatic.com/image/thumb/Music116/v4/27/a7/ec/27a7ec63-fffb-0fc6-2568-f3619f7de5d1/PNAU_cover.jpg/1400x1400cc.png
00:33:44,La Mouche (DJ Falcon Metal Mix) [Mixed],Cassius,https://is1-ssl.mzstatic.com/image/thumb/Music116/v4/27/a7/ec/27a7ec63-fffb-0fc6-2568-f3619f7de5d1/PNAU_cover.jpg/1400x1400cc.png
00:33:55,La Mouche (DJ Falcon Metal Mix) [Mixed],Cassius,https://is1-ssl.mzstatic.com/image/thumb/Music116/v4/27/a7/ec/27a7ec63-fffb-0fc6-2568-f3619f7de5d1/PNAU_cover.jpg/1400x1400cc.png
00:34:06,La Mouche (DJ Falcon Metal Mix) [Mixed],Cassius,https://is1-ssl.mzstatic.com/image/thumb/Music116/v4/27/a7/ec/27a7ec63-fffb-0fc6-2568-f3619f7de5d1/PNAU_cover.jpg/1400x1400cc.png
00:34:17,La Mouche (DJ Falcon Metal Mix) [Mixed],Cassius,https://is1-ssl.mzstatic.com/image/thumb/Music116/v4/27/a7/ec/27a7ec63-fffb-0fc6-2568-f3619f7de5d1/PNAU_cover.jpg/1400x1400cc.png
00:34:28,La Mouche (DJ Falcon Metal Mix) [Mixed],Cassius,https://is1-ssl.mzstatic.com/image/thumb/Music116/v4/27/a7/ec/27a7ec63-fffb-0fc6-2568-f3619f7de5d1/PNAU_cover.jpg/1400x1400cc.png
00:34:39,La Mouche (DJ Falcon Metal Mix) [Mixed],Cassius,https://is1-ssl.mzstatic.com/image/thumb/Music116/v4/27/a7/ec/27a7ec63-fffb-0fc6-2568-f3619f7de5d1/PNAU_cover.jpg/1400x1400cc.png
00:34:50,La Mouche (DJ Falcon Metal Mix) [Mixed],Cassius,https://is1-ssl.mzstatic.com/image/thumb/Music116/v4/27/a7/ec/27a7ec63-fffb-0fc6-2568-f3619f7de5d1/PNAU_cover.jpg/1400x1400cc.png
00:35:01,La Mouche (DJ Falcon Metal Mix) [Mixed],Cassius,https://is1-ssl.mzstatic.com/image/thumb/Music116/v4/27/a7/ec/27a7ec63-fffb-0fc6-2568-f3619f7de5d1/PNAU_cover.jpg/1400x1400cc.png
00:35:12,La Mouche (DJ Falcon Metal Mix) [Mixed],Cassius,https://is1-ssl.mzstatic.com/image/thumb/Music116/v4/27/a7/ec/27a7ec63-fffb-0fc6-2568-f3619f7de5d1/PNAU_cover.jpg/1400x1400cc.png
00:35:23,La Mouche (DJ Falcon Metal Mix) [Mixed],Cassius,https://is1-ssl.mzstatic.com/image/thumb/Music116/v4/27/a7/ec/27a7ec63-fffb-0fc6-2568-f3619f7de5d1/PNAU_cover.jpg/1400x1400cc.png
00:35:34,La Mouche (DJ Falcon Metal Mix) [Mixed],Cassius,https://is1-ssl.mzstatic.com/image/thumb/Music116/v4/27/a7/ec/27a7ec63-fffb-0fc6-2568-f3619f7de5d1/PNAU_cover.jpg/1400x1400cc.png
00:35:45,Simplon,F.Sonik,https://is1-ssl.mzstatic.com/image/thumb/Music114/v4/4d/09/ec/4d09ece2-adba-d76d-3bf9-90794a65373c/cover.jpg/1400x1400cc.png
00:35:56,Intro,Alan Braxe & Fred Falke,https://is1-ssl.mzstatic.com/image/thumb/Music112/v4/1c/e7/8e/1ce78ee6-df6f-c860-ad3a-3686b17cd24a/192152090067.png/1400x1400cc.png
00:36:07,Intro,Alan Braxe & Fred Falke,https://is1-ssl.mzstatic.com/image/thumb/Music112/v4/1c/e7/8e/1ce78ee6-df6f-c860-ad3a-3686b17cd24a/192152090067.png/1400x1400cc.png
00:36:18,Intro,Alan Braxe & Fred Falke,https://is1-ssl.mzstatic.com/image/thumb/Music112/v4/1c/e7/8e/1ce78ee6-df6f-c860-ad3a-3686b17cd24a/192152090067.png/1400x1400cc.png
00:36:29,Intro,Alan Braxe & Fred Falke,https://is1-ssl.mzstatic.com/image/thumb/Music112/v4/1c/e7/8e/1ce78ee6-df6f-c860-ad3a-3686b17cd24a/192152090067.png/1400x1400cc.png
00:36:40,Intro,Alan Braxe & Fred Falke,https://is1-ssl.mzstatic.com/image/thumb/Music112/v4/1c/e7/8e/1ce78ee6-df6f-c860-ad3a-3686b17cd24a/192152090067.png/1400x1400cc.png
00:36:51,Intro,Alan Braxe & Fred Falke,https://is1-ssl.mzstatic.com/image/thumb/Music112/v4/1c/e7/8e/1ce78ee6-df6f-c860-ad3a-3686b17cd24a/192152090067.png/1400x1400cc.png
00:37:02,Intro,Alan Braxe & Fred Falke,https://is1-ssl.mzstatic.com/image/thumb/Music112/v4/1c/e7/8e/1ce78ee6-df6f-c860-ad3a-3686b17cd24a/192152090067.png/1400x1400cc.png
00:37:13,Intro,Alan Braxe & Fred Falke,https://is1-ssl.mzstatic.com/image/thumb/Music112/v4/1c/e7/8e/1ce78ee6-df6f-c860-ad3a-3686b17cd24a/192152090067.png/1400x1400cc.png
00:37:24,Intro,Alan Braxe & Fred Falke,https://is1-ssl.mzstatic.com/image/thumb/Music112/v4/1c/e7/8e/1ce78ee6-df6f-c860-ad3a-3686b17cd24a/192152090067.png/1400x1400cc.png
00:37:35,Intro,Alan Braxe & Fred Falke,https://is1-ssl.mzstatic.com/image/thumb/Music112/v4/1c/e7/8e/1ce78ee6-df6f-c860-ad3a-3686b17cd24a/192152090067.png/1400x1400cc.png
00:37:46,Intro,Alan Braxe & Fred Falke,https://is1-ssl.mzstatic.com/image/thumb/Music112/v4/1c/e7/8e/1ce78ee6-df6f-c860-ad3a-3686b17cd24a/192152090067.png/1400x1400cc.png
00:38:08,"""Bargrooves: Disco Heat"" Album Intro",Alan Braxe & Fred Falke,
00:38:19,Intro,Alan Braxe & Fred Falke,https://is1-ssl.mzstatic.com/image/thumb/Music112/v4/1c/e7/8e/1ce78ee6-df6f-c860-ad3a-3686b17cd24a/192152090067.png/1400x1400cc.png
00:38:30,Intro,Alan Braxe & Fred Falke,https://is1-ssl.mzstatic.com/image/thumb/Music112/v4/1c/e7/8e/1ce78ee6-df6f-c860-ad3a-3686b17cd24a/192152090067.png/1400x1400cc.png
00:38:41,Intro,Alan Braxe & Fred Falke,https://is1-ssl.mzstatic.com/image/thumb/Music112/v4/1c/e7/8e/1ce78ee6-df6f-c860-ad3a-3686b17cd24a/192152090067.png/1400x1400cc.png
00:38:52,Intro,Alan Braxe & Fred Falke,https://is1-ssl.mzstatic.com/image/thumb/Music112/v4/1c/e7/8e/1ce78ee6-df6f-c860-ad3a-3686b17cd24a/192152090067.png/1400x1400cc.png
00:39:03,Intro,Alan Braxe & Fred Falke,https://is1-ssl.mzstatic.com/image/thumb/Music112/v4/1c/e7/8e/1ce78ee6-df6f-c860-ad3a-3686b17cd24a/192152090067.png/1400x1400cc.png
00:39:14,Intro,Alan Braxe & Fred Falke,https://is1-ssl.mzstatic.com/image/thumb/Music112/v4/1c/e7/8e/1ce78ee6-df6f-c860-ad3a-3686b17cd24a/192152090067.png/1400x1400cc.png
00:39:47,Rhythm (Of the Night),Something Good,https://is1-ssl.mzstatic.com/image/thumb/Music126/v4/fb/34/77/fb347744-385b-f001-8978-44ababa0181d/8718522391996.png/1400x1400cc.png
00:40:09,The Joker (ATFC's Aces High Remix),Fatboy Slim,https://is1-ssl.mzstatic.com/image/thumb/Music128/v4/e7/53/3a/e7533a7c-fd3d-86a2-e579-a1a5e0ac97c9/5025425520631.jpg/1400x1400cc.png
00:40:31,The Joker (ATFC's Aces High Remix),Fatboy Slim,https://is1-ssl.mzstatic.com/image/thumb/Music128/v4/e7/53/3a/e7533a7c-fd3d-86a2-e579-a1a5e0ac97c9/5025425520631.jpg/1400x1400cc.png
00:40:53,The Joker (ATFC's Aces High Remix),Fatboy Slim,https://is1-ssl.mzstatic.com/image/thumb/Music128/v4/e7/53/3a/e7533a7c-fd3d-86a2-e579-a1a5e0ac97c9/5025425520631.jpg/1400x1400cc.png
00:41:26,The Joker (ATFC's Aces High Remix),Fatboy Slim,https://is1-ssl.mzstatic.com/image/thumb/Music128/v4/e7/53/3a/e7533a7c-fd3d-86a2-e579-a1a5e0ac97c9/5025425520631.jpg/1400x1400cc.png
00:42:54,"Harder, Better, Faster, Stronger",Daft Punk,https://is1-ssl.mzstatic.com/image/thumb/Music6/v4/03/83/32/03833245-cf9e-c0b3-fac6-c7b4502b22fa/0724389799958_1401x1401_300dpi.jpg/1400x1400cc.png
00:43:16,"Harder, Better, Faster, Stronger",Daft Punk,https://is1-ssl.mzstatic.com/image/thumb/Music6/v4/03/83/32/03833245-cf9e-c0b3-fac6-c7b4502b22fa/0724389799958_1401x1401_300dpi.jpg/1400x1400cc.png
00:44:00,"Harder, Better, Faster, Stronger",Daft Punk,https://is1-ssl.mzstatic.com/image/thumb/Music6/v4/03/83/32/03833245-cf9e-c0b3-fac6-c7b4502b22fa/0724389799958_1401x1401_300dpi.jpg/1400x1400cc.png
00:44:11,Rebellion,Tito,https://is1-ssl.mzstatic.com/image/thumb/Music6/v4/21/7d/22/217d22ff-d02c-c17b-8285-e111f1891778/cover.jpg/1400x1400cc.png
00:44:55,This Girl,Kungs & Cookin' On 3 Burners,https://is1-ssl.mzstatic.com/image/thumb/Music116/v4/d5/ca/ef/d5caef26-fdcf-750b-7f72-15e91e4916cc/16UMGIM68689.rgb.jpg/1400x1400cc.png
00:45:06,Can You Feel It,Mr. Fingers,https://is1-ssl.mzstatic.com/image/thumb/Music114/v4/f1/e8/c1/f1e8c10a-df1a-2a90-4dc6-0c903d6432ac/827170141889.jpg/1400x1400cc.png
00:45:17,Can You Feel It,Mr. Fingers,https://is1-ssl.mzstatic.com/image/thumb/Music114/v4/f1/e8/c1/f1e8c10a-df1a-2a90-4dc6-0c903d6432ac/827170141889.jpg/1400x1400cc.png
00:45:28,Can You Feel It,Mr. Fingers,https://is1-ssl.mzstatic.com/image/thumb/Music114/v4/f1/e8/c1/f1e8c10a-df1a-2a90-4dc6-0c903d6432ac/827170141889.jpg/1400x1400cc.png
00:45:39,Can You Feel It,Mr. Fingers,https://is1-ssl.mzstatic.com/image/thumb/Music114/v4/f1/e8/c1/f1e8c10a-df1a-2a90-4dc6-0c903d6432ac/827170141889.jpg/1400x1400cc.png
00:45:50,Can You Feel It,Mr. Fingers,https://is1-ssl.mzstatic.com/image/thumb/Music114/v4/f1/e8/c1/f1e8c10a-df1a-2a90-4dc6-0c903d6432ac/827170141889.jpg/1400x1400cc.png
00:46:01,Can You Feel It,Mr. Fingers,https://is1-ssl.mzstatic.com/image/thumb/Music114/v4/f1/e8/c1/f1e8c10a-df1a-2a90-4dc6-0c903d6432ac/827170141889.jpg/1400x1400cc.png
00:46:12,Can You Feel It,Mr. Fingers,https://is1-ssl.mzstatic.com/image/thumb/Music114/v4/f1/e8/c1/f1e8c10a-df1a-2a90-4dc6-0c903d6432ac/827170141889.jpg/1400x1400cc.png
00:46:23,Can You Feel It,Mr. Fingers,https://is1-ssl.mzstatic.com/image/thumb/Music114/v4/f1/e8/c1/f1e8c10a-df1a-2a90-4dc6-0c903d6432ac/827170141889.jpg/1400x1400cc.png
00:46:34,Can You Feel It,Mr. Fingers,https://is1-ssl.mzstatic.com/image/thumb/Music114/v4/f1/e8/c1/f1e8c10a-df1a-2a90-4dc6-0c903d6432ac/827170141889.jpg/1400x1400cc.png
00:46:45,Too Long,Daft Punk,https://is1-ssl.mzstatic.com/image/thumb/Features125/v4/9e/f3/19/9ef31946-26de-0a95-c771-30457c5c01ec/dj.huxlnxyy.jpg/1400x1400cc.png
00:46:56,Departing V.1 (Angel Alanis Remix),Israel Toledo,https://is1-ssl.mzstatic.com/image/thumb/Music124/v4/84/0e/c2/840ec2fc-09c1-c5cb-7e53-42199b63238b/811868711317_cover.jpg/1400x1400cc.png
00:47:07,Departing V.1 (Angel Alanis Remix),Israel Toledo,https://is1-ssl.mzstatic.com/image/thumb/Music124/v4/84/0e/c2/840ec2fc-09c1-c5cb-7e53-42199b63238b/811868711317_cover.jpg/1400x1400cc.png
00:47:18,Too Long,Daft Punk,https://is1-ssl.mzstatic.com/image/thumb/Features125/v4/9e/f3/19/9ef31946-26de-0a95-c771-30457c5c01ec/dj.huxlnxyy.jpg/1400x1400cc.png
00:47:29,Too Long,Daft Punk,https://is1-ssl.mzstatic.com/image/thumb/Features125/v4/9e/f3/19/9ef31946-26de-0a95-c771-30457c5c01ec/dj.huxlnxyy.jpg/1400x1400cc.png
00:47:40,Too Long,Daft Punk,https://is1-ssl.mzstatic.com/image/thumb/Features125/v4/9e/f3/19/9ef31946-26de-0a95-c771-30457c5c01ec/dj.huxlnxyy.jpg/1400x1400cc.png
00:47:51,Too Long,Daft Punk,https://is1-ssl.mzstatic.com/image/thumb/Features125/v4/9e/f3/19/9ef31946-26de-0a95-c771-30457c5c01ec/dj.huxlnxyy.jpg/1400x1400cc.png
00:48:02,Too Long,Daft Punk,https://is1-ssl.mzstatic.com/image/thumb/Features125/v4/9e/f3/19/9ef31946-26de-0a95-c771-30457c5c01ec/dj.huxlnxyy.jpg/1400x1400cc.png
00:48:13,Too Long,Daft Punk,https://is1-ssl.mzstatic.com/image/thumb/Features125/v4/9e/f3/19/9ef31946-26de-0a95-c771-30457c5c01ec/dj.huxlnxyy.jpg/1400x1400cc.png
00:48:24,Too Long,Daft Punk,https://is1-ssl.mzstatic.com/image/thumb/Features125/v4/9e/f3/19/9ef31946-26de-0a95-c771-30457c5c01ec/dj.huxlnxyy.jpg/1400x1400cc.png
00:48:35,Too Long,Daft Punk,https://is1-ssl.mzstatic.com/image/thumb/Features125/v4/9e/f3/19/9ef31946-26de-0a95-c771-30457c5c01ec/dj.huxlnxyy.jpg/1400x1400cc.png
00:48:46,Too Long,Daft Punk,https://is1-ssl.mzstatic.com/image/thumb/Features125/v4/9e/f3/19/9ef31946-26de-0a95-c771-30457c5c01ec/dj.huxlnxyy.jpg/1400x1400cc.png
00:48:57,Too Long,Daft Punk,https://is1-ssl.mzstatic.com/image/thumb/Features125/v4/9e/f3/19/9ef31946-26de-0a95-c771-30457c5c01ec/dj.huxlnxyy.jpg/1400x1400cc.png
00:49:08,Too Long,Daft Punk,https://is1-ssl.mzstatic.com/image/thumb/Features125/v4/9e/f3/19/9ef31946-26de-0a95-c771-30457c5c01ec/dj.huxlnxyy.jpg/1400x1400cc.png
00:49:19,Too Long,Daft Punk,https://is1-ssl.mzstatic.com/image/thumb/Features125/v4/9e/f3/19/9ef31946-26de-0a95-c771-30457c5c01ec/dj.huxlnxyy.jpg/1400x1400cc.png
00:49:30,Too Long,Daft Punk,https://is1-ssl.mzstatic.com/image/thumb/Features125/v4/9e/f3/19/9ef31946-26de-0a95-c771-30457c5c01ec/dj.huxlnxyy.jpg/1400x1400cc.png
00:49:41,Too Long,Daft Punk,https://is1-ssl.mzstatic.com/image/thumb/Features125/v4/9e/f3/19/9ef31946-26de-0a95-c771-30457c5c01ec/dj.huxlnxyy.jpg/1400x1400cc.png
00:49:52,Too Long,Daft Punk,https://is1-ssl.mzstatic.com/image/thumb/Features125/v4/9e/f3/19/9ef31946-26de-0a95-c771-30457c5c01ec/dj.huxlnxyy.jpg/1400x1400cc.png
00:50:03,Too Long,Daft Punk,https://is1-ssl.mzstatic.com/image/thumb/Features125/v4/9e/f3/19/9ef31946-26de-0a95-c771-30457c5c01ec/dj.huxlnxyy.jpg/1400x1400cc.png
00:50:14,Too Long,Daft Punk,https://is1-ssl.mzstatic.com/image/thumb/Features125/v4/9e/f3/19/9ef31946-26de-0a95-c771-30457c5c01ec/dj.huxlnxyy.jpg/1400x1400cc.png
00:50:25,Burnin' / Too Long (Live),Daft Punk,https://is1-ssl.mzstatic.com/image/thumb/Music125/v4/b7/15/5f/b7155f62-f93a-2fe7-d98d-cc19240b4bd0/5099951165857_1500x1500_300dpi.jpg/1400x1400cc.png
00:50:36,Burnin' / Too Long (Live),Daft Punk,https://is1-ssl.mzstatic.com/image/thumb/Music125/v4/b7/15/5f/b7155f62-f93a-2fe7-d98d-cc19240b4bd0/5099951165857_1500x1500_300dpi.jpg/1400x1400cc.png
00:50:47,Somewhere,carlo iacobelli,https://is1-ssl.mzstatic.com/image/thumb/Music126/v4/8e/aa/d6/8eaad638-3778-f03e-8884-5d36929419fd/752470920387_cover.jpg/1400x1400cc.png
00:50:58,Somewhere,carlo iacobelli,https://is1-ssl.mzstatic.com/image/thumb/Music126/v4/8e/aa/d6/8eaad638-3778-f03e-8884-5d36929419fd/752470920387_cover.jpg/1400x1400cc.png
00:51:09,Somewhere,carlo iacobelli,https://is1-ssl.mzstatic.com/image/thumb/Music126/v4/8e/aa/d6/8eaad638-3778-f03e-8884-5d36929419fd/752470920387_cover.jpg/1400x1400cc.png
00:51:20,Somewhere,carlo iacobelli,https://is1-ssl.mzstatic.com/image/thumb/Music126/v4/8e/aa/d6/8eaad638-3778-f03e-8884-5d36929419fd/752470920387_cover.jpg/1400x1400cc.png
00:51:31,Somewhere,carlo iacobelli,https://is1-ssl.mzstatic.com/image/thumb/Music126/v4/8e/aa/d6/8eaad638-3778-f03e-8884-5d36929419fd/752470920387_cover.jpg/1400x1400cc.png
00:51:42,Somewhere,carlo iacobelli,https://is1-ssl.mzstatic.com/image/thumb/Music126/v4/8e/aa/d6/8eaad638-3778-f03e-8884-5d36929419fd/752470920387_cover.jpg/1400x1400cc.png
00:51:53,Somewhere,carlo iacobelli,https://is1-ssl.mzstatic.com/image/thumb/Music126/v4/8e/aa/d6/8eaad638-3778-f03e-8884-5d36929419fd/752470920387_cover.jpg/1400x1400cc.png
00:52:04,Too Long,Daft Punk,https://is1-ssl.mzstatic.com/image/thumb/Features125/v4/9e/f3/19/9ef31946-26de-0a95-c771-30457c5c01ec/dj.huxlnxyy.jpg/1400x1400cc.png
00:52:15,Burnin' / Too Long (Live),Daft Punk,https://is1-ssl.mzstatic.com/image/thumb/Music125/v4/b7/15/5f/b7155f62-f93a-2fe7-d98d-cc19240b4bd0/5099951165857_1500x1500_300dpi.jpg/1400x1400cc.png
00:52:26,Somewhere,carlo iacobelli,https://is1-ssl.mzstatic.com/image/thumb/Music126/v4/8e/aa/d6/8eaad638-3778-f03e-8884-5d36929419fd/752470920387_cover.jpg/1400x1400cc.png
00:52:37,Somewhere,carlo iacobelli,https://is1-ssl.mzstatic.com/image/thumb/Music126/v4/8e/aa/d6/8eaad638-3778-f03e-8884-5d36929419fd/752470920387_cover.jpg/1400x1400cc.png
00:52:48,Burnin' / Too Long (Live),Daft Punk,https://is1-ssl.mzstatic.com/image/thumb/Music125/v4/b7/15/5f/b7155f62-f93a-2fe7-d98d-cc19240b4bd0/5099951165857_1500x1500_300dpi.jpg/1400x1400cc.png
00:52:59,Burnin' / Too Long (Live),Daft Punk,https://is1-ssl.mzstatic.com/image/thumb/Music125/v4/b7/15/5f/b7155f62-f93a-2fe7-d98d-cc19240b4bd0/5099951165857_1500x1500_300dpi.jpg/1400x1400cc.png
00:53:10,Burnin' / Too Long (Live),Daft Punk,https://is1-ssl.mzstatic.com/image/thumb/Music125/v4/b7/15/5f/b7155f62-f93a-2fe7-d98d-cc19240b4bd0/5099951165857_1500x1500_300dpi.jpg/1400x1400cc.png
00:53:21,Somewhere,carlo iacobelli,https://is1-ssl.mzstatic.com/image/thumb/Music126/v4/8e/aa/d6/8eaad638-3778-f03e-8884-5d36929419fd/752470920387_cover.jpg/1400x1400cc.png
00:53:32,Burnin' / Too Long (Live),Daft Punk,https://is1-ssl.mzstatic.com/image/thumb/Music125/v4/b7/15/5f/b7155f62-f93a-2fe7-d98d-cc19240b4bd0/5099951165857_1500x1500_300dpi.jpg/1400x1400cc.png
00:53:43,Somewhere,carlo iacobelli,https://is1-ssl.mzstatic.com/image/thumb/Music126/v4/8e/aa/d6/8eaad638-3778-f03e-8884-5d36929419fd/752470920387_cover.jpg/1400x1400cc.png
00:53:54,Burnin' / Too Long (Live),Daft Punk,https://is1-ssl.mzstatic.com/image/thumb/Music6/v4/3a/2d/96/3a2d96cf-d4e9-220b-a428-5f4acad0f303/5099951425951_1500x1500_300dpi.jpg/1400x1400cc.png
00:54:05,Burnin' / Too Long (Live),Daft Punk,https://is1-ssl.mzstatic.com/image/thumb/Music6/v4/3a/2d/96/3a2d96cf-d4e9-220b-a428-5f4acad0f303/5099951425951_1500x1500_300dpi.jpg/1400x1400cc.png
00:54:16,Burnin' / Too Long (Live),Daft Punk,https://is1-ssl.mzstatic.com/image/thumb/Music6/v4/3a/2d/96/3a2d96cf-d4e9-220b-a428-5f4acad0f303/5099951425951_1500x1500_300dpi.jpg/1400x1400cc.png
00:54:27,Somewhere,carlo iacobelli,https://is1-ssl.mzstatic.com/image/thumb/Music126/v4/8e/aa/d6/8eaad638-3778-f03e-8884-5d36929419fd/752470920387_cover.jpg/1400x1400cc.png
00:54:38,Burnin' / Too Long (Live),Daft Punk,https://is1-ssl.mzstatic.com/image/thumb/Music125/v4/b7/15/5f/b7155f62-f93a-2fe7-d98d-cc19240b4bd0/5099951165857_1500x1500_300dpi.jpg/1400x1400cc.png
00:54:49,Somewhere,carlo iacobelli,https://is1-ssl.mzstatic.com/image/thumb/Music126/v4/8e/aa/d6/8eaad638-3778-f03e-8884-5d36929419fd/752470920387_cover.jpg/1400x1400cc.png
00:55:00,What I Mean (The Crayon Remix Edit),Modjo,https://is1-ssl.mzstatic.com/image/thumb/Music125/v4/60/d3/a4/60d3a472-aa8c-ad26-7c5a-8d0dc1547b0d/cover.jpg/1400x1400cc.png
00:55:11,What I Mean (The Crayon Remix Edit),Modjo,https://is1-ssl.mzstatic.com/image/thumb/Music125/v4/60/d3/a4/60d3a472-aa8c-ad26-7c5a-8d0dc1547b0d/cover.jpg/1400x1400cc.png
00:55:22,What I Mean (The Crayon Remix Edit),Modjo,https://is1-ssl.mzstatic.com/image/thumb/Music125/v4/60/d3/a4/60d3a472-aa8c-ad26-7c5a-8d0dc1547b0d/cover.jpg/1400x1400cc.png
00:55:33,What I Mean (The Crayon Remix Edit),Modjo,https://is1-ssl.mzstatic.com/image/thumb/Music125/v4/60/d3/a4/60d3a472-aa8c-ad26-7c5a-8d0dc1547b0d/cover.jpg/1400x1400cc.png
00:55:44,What I Mean (The Crayon Remix Edit),Modjo,https://is1-ssl.mzstatic.com/image/thumb/Music125/v4/60/d3/a4/60d3a472-aa8c-ad26-7c5a-8d0dc1547b0d/cover.jpg/1400x1400cc.png
00:55:55,What I Mean (The Crayon Remix Edit),Modjo,https://is1-ssl.mzstatic.com/image/thumb/Music125/v4/60/d3/a4/60d3a472-aa8c-ad26-7c5a-8d0dc1547b0d/cover.jpg/1400x1400cc.png
00:56:06,What I Mean (The Crayon Remix Edit),Modjo,https://is1-ssl.mzstatic.com/image/thumb/Music125/v4/60/d3/a4/60d3a472-aa8c-ad26-7c5a-8d0dc1547b0d/cover.jpg/1400x1400cc.png
00:56:17,What I Mean (The Crayon Remix Edit),Modjo,https://is1-ssl.mzstatic.com/image/thumb/Music125/v4/60/d3/a4/60d3a472-aa8c-ad26-7c5a-8d0dc1547b0d/cover.jpg/1400x1400cc.png
00:56:28,What I Mean (The Crayon Remix Edit),Modjo,https://is1-ssl.mzstatic.com/image/thumb/Music125/v4/60/d3/a4/60d3a472-aa8c-ad26-7c5a-8d0dc1547b0d/cover.jpg/1400x1400cc.png
00:56:39,What I Mean (The Crayon Remix Edit),Modjo,https://is1-ssl.mzstatic.com/image/thumb/Music125/v4/60/d3/a4/60d3a472-aa8c-ad26-7c5a-8d0dc1547b0d/cover.jpg/1400x1400cc.png
00:56:50,What I Mean (The Crayon Remix Edit),Modjo,https://is1-ssl.mzstatic.com/image/thumb/Music125/v4/60/d3/a4/60d3a472-aa8c-ad26-7c5a-8d0dc1547b0d/cover.jpg/1400x1400cc.png
00:57:01,What I Mean (The Crayon Remix Edit),Modjo,https://is1-ssl.mzstatic.com/image/thumb/Music125/v4/60/d3/a4/60d3a472-aa8c-ad26-7c5a-8d0dc1547b0d/cover.jpg/1400x1400cc.png
00:57:12,What I Mean (The Crayon Remix Edit),Modjo,https://is1-ssl.mzstatic.com/image/thumb/Music125/v4/60/d3/a4/60d3a472-aa8c-ad26-7c5a-8d0dc1547b0d/cover.jpg/1400x1400cc.png
00:57:23,What I Mean (The Crayon Remix Edit),Modjo,https://is1-ssl.mzstatic.com/image/thumb/Music125/v4/60/d3/a4/60d3a472-aa8c-ad26-7c5a-8d0dc1547b0d/cover.jpg/1400x1400cc.png
00:57:34,What I Mean (The Crayon Remix Edit),Modjo,https://is1-ssl.mzstatic.com/image/thumb/Music125/v4/60/d3/a4/60d3a472-aa8c-ad26-7c5a-8d0dc1547b0d/cover.jpg/1400x1400cc.png
00:57:45,What I Mean (The Crayon Remix Edit),Modjo,https://is1-ssl.mzstatic.com/image/thumb/Music125/v4/60/d3/a4/60d3a472-aa8c-ad26-7c5a-8d0dc1547b0d/cover.jpg/1400x1400cc.png
00:57:56,What I Mean (The Crayon Remix Edit),Modjo,https://is1-ssl.mzstatic.com/image/thumb/Music125/v4/60/d3/a4/60d3a472-aa8c-ad26-7c5a-8d0dc1547b0d/cover.jpg/1400x1400cc.png
00:58:07,What I Mean (The Crayon Remix Edit),Modjo,https://is1-ssl.mzstatic.com/image/thumb/Music125/v4/60/d3/a4/60d3a472-aa8c-ad26-7c5a-8d0dc1547b0d/cover.jpg/1400x1400cc.png
00:58:18,What I Mean (The Crayon Remix Edit),Modjo,https://is1-ssl.mzstatic.com/image/thumb/Music125/v4/60/d3/a4/60d3a472-aa8c-ad26-7c5a-8d0dc1547b0d/cover.jpg/1400x1400cc.png
00:58:29,What I Mean (The Crayon Remix Edit),Modjo,https://is1-ssl.mzstatic.com/image/thumb/Music125/v4/60/d3/a4/60d3a472-aa8c-ad26-7c5a-8d0dc1547b0d/cover.jpg/1400x1400cc.png
00:58:40,What I Mean (The Crayon Remix Edit),Modjo,https://is1-ssl.mzstatic.com/image/thumb/Music125/v4/60/d3/a4/60d3a472-aa8c-ad26-7c5a-8d0dc1547b0d/cover.jpg/1400x1400cc.png
00:58:51,What I Mean (The Crayon Remix Edit),Modjo,https://is1-ssl.mzstatic.com/image/thumb/Music125/v4/60/d3/a4/60d3a472-aa8c-ad26-7c5a-8d0dc1547b0d/cover.jpg/1400x1400cc.png
00:59:02,What I Mean (The Crayon Remix Edit),Modjo,https://is1-ssl.mzstatic.com/image/thumb/Music125/v4/60/d3/a4/60d3a472-aa8c-ad26-7c5a-8d0dc1547b0d/cover.jpg/1400x1400cc.png
00:59:13,What I Mean (The Crayon Remix Edit),Modjo,https://is1-ssl.mzstatic.com/image/thumb/Music125/v4/60/d3/a4/60d3a472-aa8c-ad26-7c5a-8d0dc1547b0d/cover.jpg/1400x1400cc.png
00:59:24,What I Mean (The Crayon Remix Edit),Modjo,https://is1-ssl.mzstatic.com/image/thumb/Music125/v4/60/d3/a4/60d3a472-aa8c-ad26-7c5a-8d0dc1547b0d/cover.jpg/1400x1400cc.png
00:59:35,What I Mean (The Crayon Remix Edit),Modjo,https://is1-ssl.mzstatic.com/image/thumb/Music125/v4/60/d3/a4/60d3a472-aa8c-ad26-7c5a-8d0dc1547b0d/cover.jpg/1400x1400cc.png
00:59:46,What I Mean (The Crayon Remix Edit),Modjo,https://is1-ssl.mzstatic.com/image/thumb/Music125/v4/60/d3/a4/60d3a472-aa8c-ad26-7c5a-8d0dc1547b0d/cover.jpg/1400x1400cc.png
00:59:57,What I Mean (The Crayon Remix Edit),Modjo,https://is1-ssl.mzstatic.com/image/thumb/Music125/v4/60/d3/a4/60d3a472-aa8c-ad26-7c5a-8d0dc1547b0d/cover.jpg/1400x1400cc.png
01:00:08,What I Mean (The Crayon Remix Edit),Modjo,https://is1-ssl.mzstatic.com/image/thumb/Music125/v4/60/d3/a4/60d3a472-aa8c-ad26-7c5a-8d0dc1547b0d/cover.jpg/1400x1400cc.png
01:00:19,What I Mean (The Crayon Remix Edit),Modjo,https://is1-ssl.mzstatic.com/image/thumb/Music125/v4/60/d3/a4/60d3a472-aa8c-ad26-7c5a-8d0dc1547b0d/cover.jpg/1400x1400cc.png
